actor_id;first_name;last_name;nick_name;environ_ment;description
d7da0e2d-516c-45dd-bb40-ac906c4d19bd;Alexandre;Quigley;Unit Unit;UV;mint
cd264e68-0453-4dae-91df-48367f495292;Makenna;Cronin;Bacon bypassing Assurance;KOM;tan Architect
0674bd48-1f23-41bf-931e-e9290108b9a5;Thad;Kemmer;e-markets program;KOM;Missouri Virginia
24f4fbf0-66cf-4334-b61f-95f5d1903cc5;Sally;Gusikowski;solutions;KS;convergence
9ebd6182-916b-4abf-ab95-feee73f614db;Alek;Grant;Liaison;KOM;Fantastic
0453aee2-d87e-4f0c-8c64-0a15ef60ac79;Yvonne;Doyle;disintermediate Chips mission-critical;KS;back-end Account
f5623d60-3f81-41c2-8cc6-88cfa99475a7;Hilbert;Bahringer;indexing aggregate;LEV;parsing IB Sausages
ac675b6c-d48a-40df-af24-06e8cda1c048;Jared;Mayert;deposit;KS;Tuvalu application synthesizing
a5271818-c0ad-491f-81e3-049c6ecbeb91;Eulalia;Langosh;circuit Computer;LEV;Reduced
b215fea4-e154-4976-a877-a1268c43faa8;Reid;Williamson;implement Assistant;LEV;Bedfordshire
